INSERT INTO ordre ( ID, DATE, TOTAL_AMOUNT) VALUES(1,'2012-10-10 12:05:30', 12.5);
INSERT INTO ordre ( ID, DATE, TOTAL_AMOUNT) VALUES(2,'2021-10-10 12:05:30', 13.0);
INSERT INTO ordre ( ID, DATE, TOTAL_AMOUNT) VALUES(3,'2020-10-10 12:05:30', 15.0);


INSERT INTO product (ID, NAME, DESCRIPTiON, CURRENT_PRICE, PROMOTION, SELECTED, AVAILABLE, PHOTO_NAME) VALUES(1,'clo','jolie t-shirt', 50, true , true, false, 'clo.jpg');
INSERT INTO product (ID, NAME, DESCRIPTiON, CURRENT_PRICE, PROMOTION, SELECTED, AVAILABLE, PHOTO_NAME) VALUES(2,'cha','super t-shirt', 39.99, true , true, false, 'cha.jpg');
INSERT INTO product (ID, NAME, DESCRIPTiON, CURRENT_PRICE, PROMOTION, SELECTED, AVAILABLE, PHOTO_NAME) VALUES(3,'rd','boff t-shirt', 14.99, true , true, false, 'rd.jpg');


INSERT INTO category ( ID, NAME, PHOTO, DESCRIPTION) VALUES(1,'T-SHIRT','T-SHIRT.PNG', 'cool');
INSERT INTO category ( ID, NAME, PHOTO, DESCRIPTION) VALUES(2,'PULL','PULL.PNG', 'cool');
INSERT INTO category ( ID, NAME, PHOTO, DESCRIPTION) VALUES(3,'VESTE','VESTE.PNG', 'cool');


INSERT INTO client ( ID, NAME, EMAIL, ADRESSE, PHONE_NUMBER, USERNAME) VALUES(1, 'Hichem','hichem@hotmaiml.fr','070201','chich');
INSERT INTO client ( ID, NAME, EMAIL, ADRESSE, PHONE_NUMBER, USERNAME) VALUES(2, 'Fouzi','fouei@hotmaiml.fr','070201','fou');
INSERT INTO client ( ID, NAME, EMAIL, ADRESSE, PHONE_NUMBER, USERNAME) VALUES(3, 'Tarek','tarek@hotmaiml.fr','070201','sicario');

-- INSERT INTO ORDRE_CLIENT(ORDRE_ID_ORDRE, CLIENT_ID_CLIENT )VALUES(1,1);
-- INSERT INTO ORDRE_CLIENT(ORDRE_ID_ORDRE, CLIENT_ID_CLIENT )VALUES(1,3);
-- INSERT INTO ORDRE_CLIENT(ORDRE_ID_ORDRE, CLIENT_ID_CLIENT )VALUES(2,2);
-- INSERT INTO ORDRE_CLIENT(ORDRE_ID_ORDRE, CLIENT_ID_CLIENT )VALUES(2,6);
-- INSERT INTO ORDRE_CLIENT(ORDRE_ID_ORDRE, CLIENT_ID_CLIENT )VALUES(3,4);
-- INSERT INTO ORDRE_CLIENT(ORDRE_ID_ORDRE, CLIENT_ID_CLIENT )VALUES(3,5);
--
-- INSERT INTO CLIENT_ORDRE(CLIENT_ID_CLIENT, ORDRE_ID_ORDRE)VALUES(1,1);
-- INSERT INTO CLIENT_ORDRE(CLIENT_ID_CLIENT, ORDRE_ID_ORDRE)VALUES(3,1);
-- INSERT INTO CLIENT_ORDRE(CLIENT_ID_CLIENT, ORDRE_ID_ORDRE)VALUES(2,2);
-- INSERT INTO CLIENT_ORDRE(CLIENT_ID_CLIENT, ORDRE_ID_ORDRE)VALUES(6,2);
-- INSERT INTO CLIENT_ORDRE(CLIENT_ID_CLIENT, ORDRE_ID_ORDRE)VALUES(4,3);
-- INSERT INTO CLIENT_ORDRE(CLIENT_ID_CLIENT, ORDRE_ID_ORDRE)VALUES(5,3);
--
-- INSERT INTO CLIENT_PRODUCT(CLIENT_ID_CLIENT, PRODUCT_ID_PRODUCT)VALUES(4,1);
-- INSERT INTO CLIENT_PRODUCT(CLIENT_ID_CLIENT, PRODUCT_ID_PRODUCT)VALUES(6,1);
-- INSERT INTO CLIENT_PRODUCT(CLIENT_ID_CLIENT, PRODUCT_ID_PRODUCT)VALUES(5,2);
-- INSERT INTO CLIENT_PRODUCT(CLIENT_ID_CLIENT, PRODUCT_ID_PRODUCT)VALUES(4,2);
-- INSERT INTO CLIENT_PRODUCT(CLIENT_ID_CLIENT, PRODUCT_ID_PRODUCT)VALUES(1,3);
-- INSERT INTO CLIENT_PRODUCT(CLIENT_ID_CLIENT, PRODUCT_ID_PRODUCT)VALUES(2,3);
--
-- INSERT INTO CLIENT_CATEGORY(CLIENT_ID_CLIENT, CATEGORY_ID_CATEGORY )VALUES(1,1);
-- INSERT INTO CLIENT_CATEGORY(CLIENT_ID_CLIENT, CATEGORY_ID_CATEGORY )VALUES(2,2);
-- INSERT INTO CLIENT_CATEGORY(CLIENT_ID_CLIENT, CATEGORY_ID_CATEGORY )VALUES(3,3);
-- INSERT INTO CLIENT_CATEGORY(CLIENT_ID_CLIENT, CATEGORY_ID_CATEGORY )VALUES(4,4);
-- INSERT INTO CLIENT_CATEGORY(CLIENT_ID_CLIENT, CATEGORY_ID_CATEGORY )VALUES(5,5);
-- INSERT INTO CLIENT_CATEGORY(CLIENT_ID_CLIENT, CATEGORY_ID_CATEGORY )VALUES(6,6);

--
-- INSERT INTO CATEGORY_CLIENT(CATEGORY_ID_CATEGORY, CLIENT_ID_CLIENT)VALUES(1,1);
-- INSERT INTO CATEGORY_CLIENT(CATEGORY_ID_CATEGORY, CLIENT_ID_CLIENT )VALUES(2,2);
-- INSERT INTO CATEGORY_CLIENT(CATEGORY_ID_CATEGORY, CLIENT_ID_CLIENT )VALUES(3,3);
-- INSERT INTO CATEGORY_CLIENT(CATEGORY_ID_CATEGORY, CLIENT_ID_CLIENT )VALUES(4,4);
-- INSERT INTO CATEGORY_CLIENT(CATEGORY_ID_CATEGORY, CLIENT_ID_CLIENT )VALUES(5,5);
-- INSERT INTO CATEGORY_CLIENT(CATEGORY_ID_CATEGORY, CLIENT_ID_CLIENT )VALUES(6,6);


